,Phase,Timestamp,Frame number
0,Sellar,00:00:00.00,1
1,Sellar,00:00:00.33,21
2,Sellar,00:00:00.66,41
3,Sellar,00:00:00.99,61
4,Sellar,00:00:01.33,81
5,Sellar,00:00:01.66,101
6,Sellar,00:00:01.99,121
7,Sellar,00:00:02.33,141
8,Sellar,00:00:02.66,161
9,Sellar,00:00:02.99,181
10,Sellar,00:00:03.33,201
11,Sellar,00:00:03.66,221
12,Sellar,00:00:03.99,241
13,Sellar,00:00:04.33,261
14,Sellar,00:00:04.66,281
15,Sellar,00:00:04.99,301
16,Sellar,00:00:05.33,321
17,Sellar,00:00:05.66,341
18,Sellar,00:00:05.99,361
19,Sellar,00:00:06.33,381
20,Sellar,00:00:06.66,401
21,Sellar,00:00:06.99,421
22,Sellar,00:00:07.33,441
23,Sellar,00:00:07.66,461
24,Sellar,00:00:07.99,481
25,Sellar,00:00:08.33,501
26,Sellar,00:00:08.66,521
27,Sellar,00:00:08.99,541
28,Sellar,00:00:09.33,561
29,Sellar,00:00:09.66,581
30,Sellar,00:00:09.99,601
31,Sellar,00:00:10.33,621
32,Sellar,00:00:10.66,641
33,Sellar,00:00:10.99,661
34,Sellar,00:00:11.33,681
35,Sellar,00:00:11.66,701
36,Sellar,00:00:11.99,721
37,Sellar,00:00:12.33,741
38,Sellar,00:00:12.66,761
39,Sellar,00:00:12.99,781
40,Sellar,00:00:13.33,801
41,Sellar,00:00:13.66,821
42,Sellar,00:00:13.99,841
43,Sellar,00:00:14.33,861
44,Sellar,00:00:14.66,881
45,Sellar,00:00:14.99,901
46,Sellar,00:00:15.33,921
47,Sellar,00:00:15.66,941
48,Sellar,00:00:15.99,961
49,Sellar,00:00:16.33,981
50,Sellar,00:00:16.66,1001
51,Sellar,00:00:16.99,1021
52,Sellar,00:00:17.33,1041
53,Sellar,00:00:17.66,1061
54,Sellar,00:00:17.99,1081
55,Sellar,00:00:18.33,1101
56,Sellar,00:00:18.66,1121
57,Sellar,00:00:18.99,1141
58,Sellar,00:00:19.33,1161
59,Sellar,00:00:19.66,1181
60,Sellar,00:00:19.99,1201
61,Sellar,00:00:20.33,1221
62,Sellar,00:00:20.66,1241
63,Sellar,00:00:20.99,1261
64,Sellar,00:00:21.33,1281
65,Sellar,00:00:21.66,1301
66,Sellar,00:00:21.99,1321
67,Sellar,00:00:22.33,1341
68,Sellar,00:00:22.66,1361
69,Sellar,00:00:22.99,1381
70,Sellar,00:00:23.33,1401
71,Sellar,00:00:23.66,1421
72,Sellar,00:00:23.99,1441
73,Sellar,00:00:24.33,1461
74,Sellar,00:00:24.66,1481
75,Sellar,00:00:24.99,1501
76,Sellar,00:00:25.33,1521
77,Sellar,00:00:25.66,1541
78,Sellar,00:00:25.99,1561
79,Sellar,00:00:26.33,1581
80,Sellar,00:00:26.66,1601
81,Sellar,00:00:26.99,1621
82,Sellar,00:00:27.33,1641
83,Sellar,00:00:27.66,1661
84,Sellar,00:00:27.99,1681
85,Sellar,00:00:28.33,1701
86,Sellar,00:00:28.66,1721
87,Sellar,00:00:28.99,1741
88,Sellar,00:00:29.33,1761
89,Sellar,00:00:29.66,1781
90,Sellar,00:00:29.99,1801
91,Sellar,00:00:30.33,1821
92,Sellar,00:00:30.66,1841
93,Sellar,00:00:30.99,1861
94,Sellar,00:00:31.33,1881
95,Sellar,00:00:31.66,1901
96,Sellar,00:00:31.99,1921
97,Sellar,00:00:32.33,1941
98,Sellar,00:00:32.66,1961
99,Sellar,00:00:32.99,1981
100,Sellar,00:00:33.33,2001
101,Sellar,00:00:33.66,2021
102,Sellar,00:00:33.99,2041
103,Sellar,00:00:34.33,2061
104,Sellar,00:00:34.66,2081
105,Sellar,00:00:34.99,2101
106,Sellar,00:00:35.33,2121
107,Sellar,00:00:35.66,2141
108,Sellar,00:00:35.99,2161
109,Sellar,00:00:36.33,2181
110,Sellar,00:00:36.66,2201
111,Sellar,00:00:36.99,2221
112,Sellar,00:00:37.33,2241
113,Sellar,00:00:37.66,2261
114,Sellar,00:00:37.99,2281
115,Sellar,00:00:38.33,2301
116,Sellar,00:00:38.66,2321
117,Sellar,00:00:38.99,2341
118,Sellar,00:00:39.33,2361
119,Sellar,00:00:39.66,2381
120,Sellar,00:00:39.99,2401
121,Sellar,00:00:40.33,2421
122,Sellar,00:00:40.66,2441
123,Sellar,00:00:40.99,2461
124,Sellar,00:00:41.33,2481
125,Sellar,00:00:41.66,2501
126,Sellar,00:00:41.99,2521
127,Sellar,00:00:42.33,2541
128,Sellar,00:00:42.66,2561
129,Sellar,00:00:42.99,2581
130,Sellar,00:00:43.33,2601
131,Sellar,00:00:43.66,2621
132,Sellar,00:00:43.99,2641
133,Sellar,00:00:44.33,2661
134,Sellar,00:00:44.66,2681
135,Sellar,00:00:44.99,2701
136,Sellar,00:00:45.33,2721
137,Sellar,00:00:45.66,2741
138,Sellar,00:00:45.99,2761
139,Sellar,00:00:46.33,2781
140,Sellar,00:00:46.66,2801
141,Sellar,00:00:46.99,2821
142,Sellar,00:00:47.33,2841
143,Sellar,00:00:47.66,2861
144,Sellar,00:00:47.99,2881
145,Sellar,00:00:48.33,2901
146,Sellar,00:00:48.66,2921
147,Sellar,00:00:48.99,2941
148,Sellar,00:00:49.33,2961
149,Sellar,00:00:49.66,2981
150,Sellar,00:00:49.99,3001
151,Sellar,00:00:50.33,3021
152,Sellar,00:00:50.66,3041
153,Sellar,00:00:50.99,3061
154,Sellar,00:00:51.33,3081
155,Sellar,00:00:51.66,3101
156,Sellar,00:00:51.99,3121
157,Sellar,00:00:52.33,3141
158,Sellar,00:00:52.66,3161
159,Sellar,00:00:52.99,3181
160,Sellar,00:00:53.33,3201
161,Sellar,00:00:53.66,3221
162,Sellar,00:00:53.99,3241
163,Sellar,00:00:54.33,3261
164,Sellar,00:00:54.66,3281
165,Sellar,00:00:54.99,3301
166,Sellar,00:00:55.33,3321
167,Sellar,00:00:55.66,3341
168,Sellar,00:00:55.99,3361
169,Sellar,00:00:56.33,3381
170,Sellar,00:00:56.66,3401
171,Sellar,00:00:56.99,3421
172,Sellar,00:00:57.33,3441
173,Sellar,00:00:57.66,3461
174,Sellar,00:00:57.99,3481
175,Sellar,00:00:58.33,3501
176,Sellar,00:00:58.66,3521
177,Sellar,00:00:58.99,3541
178,Sellar,00:00:59.33,3561
179,Sellar,00:00:59.66,3581
180,Sellar,00:00:59.99,3601
181,Sellar,00:01:00.33,3621
182,Sellar,00:01:00.66,3641
183,Sellar,00:01:00.99,3661
184,Sellar,00:01:01.33,3681
185,Sellar,00:01:01.66,3701
186,Sellar,00:01:01.99,3721
187,Sellar,00:01:02.33,3741
188,Sellar,00:01:02.66,3761
189,Sellar,00:01:02.99,3781
190,Sellar,00:01:03.33,3801
191,Sellar,00:01:03.66,3821
192,Sellar,00:01:03.99,3841
193,Sellar,00:01:04.33,3861
194,Sellar,00:01:04.66,3881
195,Sellar,00:01:04.99,3901
196,Sellar,00:01:05.33,3921
197,Sellar,00:01:05.66,3941
198,Sellar,00:01:05.99,3961
199,Sellar,00:01:06.33,3981
200,Sellar,00:01:06.66,4001
201,Sellar,00:01:06.99,4021
202,Sellar,00:01:07.33,4041
203,Sellar,00:01:07.66,4061
204,Sellar,00:01:07.99,4081
205,Sellar,00:01:08.33,4101
206,Sellar,00:01:08.66,4121
207,Sellar,00:01:08.99,4141
208,Sellar,00:01:09.33,4161
209,Sellar,00:01:09.66,4181
210,Sellar,00:01:09.99,4201
211,Sellar,00:01:10.33,4221
212,Sellar,00:01:10.66,4241
213,Sellar,00:01:10.99,4261
214,Sellar,00:01:11.33,4281
215,Sellar,00:01:11.66,4301
216,Sellar,00:01:11.99,4321
217,Sellar,00:01:12.33,4341
218,Sellar,00:01:12.66,4361
219,Sellar,00:01:12.99,4381
220,Sellar,00:01:13.33,4401
221,Sellar,00:01:13.66,4421
222,Sellar,00:01:13.99,4441
223,Sellar,00:01:14.33,4461
224,Sellar,00:01:14.66,4481
225,Sellar,00:01:14.99,4501
226,Sellar,00:01:15.33,4521
227,Sellar,00:01:15.66,4541
228,Sellar,00:01:15.99,4561
229,Sellar,00:01:16.33,4581
230,Sellar,00:01:16.66,4601
231,Sellar,00:01:16.99,4621
232,Sellar,00:01:17.33,4641
233,Sellar,00:01:17.66,4661
234,Sellar,00:01:17.99,4681
235,Sellar,00:01:18.33,4701
236,Sellar,00:01:18.66,4721
237,Sellar,00:01:18.99,4741
238,Sellar,00:01:19.33,4761
239,Sellar,00:01:19.66,4781
240,Sellar,00:01:19.99,4801
241,Sellar,00:01:20.33,4821
242,Sellar,00:01:20.66,4841
243,Sellar,00:01:20.99,4861
244,Sellar,00:01:21.33,4881
245,Sellar,00:01:21.66,4901
246,Sellar,00:01:21.99,4921
247,Sellar,00:01:22.33,4941
248,Sellar,00:01:22.66,4961
249,Sellar,00:01:22.99,4981
250,Sellar,00:01:23.33,5001
251,Sellar,00:01:23.66,5021
252,Sellar,00:01:23.99,5041
253,Sellar,00:01:24.33,5061
254,Sellar,00:01:24.66,5081
255,Sellar,00:01:24.99,5101
256,Sellar,00:01:25.33,5121
257,Sellar,00:01:25.66,5141
258,Sellar,00:01:25.99,5161
259,Sellar,00:01:26.33,5181
260,Sellar,00:01:26.66,5201
261,Sellar,00:01:26.99,5221
262,Sellar,00:01:27.33,5241
263,Sellar,00:01:27.66,5261
264,Sellar,00:01:27.99,5281
265,Sellar,00:01:28.33,5301
266,Sellar,00:01:28.66,5321
267,Sellar,00:01:28.99,5341
268,Sellar,00:01:29.33,5361
269,Sellar,00:01:29.66,5381
270,Closure,00:01:29.99,5401
271,Closure,00:01:30.33,5421
272,Closure,00:01:30.66,5441
273,Closure,00:01:30.99,5461
274,Closure,00:01:31.33,5481
275,Closure,00:01:31.66,5501
276,Closure,00:01:31.99,5521
277,Closure,00:01:32.33,5541
278,Closure,00:01:32.66,5561
279,Closure,00:01:32.99,5581
280,Closure,00:01:33.33,5601
281,Closure,00:01:33.66,5621
282,Closure,00:01:33.99,5641
283,Closure,00:01:34.33,5661
284,Closure,00:01:34.66,5681
285,Closure,00:01:34.99,5701
286,Closure,00:01:35.33,5721
287,Closure,00:01:35.66,5741
288,Closure,00:01:35.99,5761
289,Closure,00:01:36.33,5781
290,Closure,00:01:36.66,5801
291,Closure,00:01:36.99,5821
292,Closure,00:01:37.33,5841
293,Closure,00:01:37.66,5861
294,Closure,00:01:37.99,5881
295,Closure,00:01:38.33,5901
296,Closure,00:01:38.66,5921
297,Closure,00:01:38.99,5941
298,Closure,00:01:39.33,5961
299,Closure,00:01:39.66,5981
300,Closure,00:01:39.99,6001
301,Closure,00:01:40.33,6021
302,Closure,00:01:40.66,6041
303,Closure,00:01:40.99,6061
304,Closure,00:01:41.33,6081
305,Closure,00:01:41.66,6101
306,Closure,00:01:41.99,6121
307,Closure,00:01:42.33,6141
308,Closure,00:01:42.66,6161
309,Closure,00:01:42.99,6181
310,Closure,00:01:43.33,6201
311,Closure,00:01:43.66,6221
312,Closure,00:01:43.99,6241
313,Closure,00:01:44.33,6261
314,Closure,00:01:44.66,6281
315,Closure,00:01:44.99,6301
316,Closure,00:01:45.33,6321
317,Closure,00:01:45.66,6341
318,Closure,00:01:45.99,6361
319,Closure,00:01:46.33,6381
320,Closure,00:01:46.66,6401
321,Closure,00:01:46.99,6421
322,Closure,00:01:47.33,6441
323,Closure,00:01:47.66,6461
324,Closure,00:01:47.99,6481
325,Closure,00:01:48.33,6501
326,Closure,00:01:48.66,6521
327,Closure,00:01:48.99,6541
328,Closure,00:01:49.33,6561
329,Closure,00:01:49.66,6581
330,Closure,00:01:49.99,6601
331,Closure,00:01:50.33,6621
332,Closure,00:01:50.66,6641
333,Closure,00:01:50.99,6661
334,Closure,00:01:51.33,6681
335,Closure,00:01:51.66,6701
336,Closure,00:01:51.99,6721
337,Closure,00:01:52.33,6741
338,Closure,00:01:52.66,6761
339,Closure,00:01:52.99,6781
340,Closure,00:01:53.33,6801
341,Closure,00:01:53.66,6821
342,Closure,00:01:53.99,6841
343,Closure,00:01:54.33,6861
344,Closure,00:01:54.66,6881
345,Closure,00:01:54.99,6901
346,Closure,00:01:55.33,6921
347,Closure,00:01:55.66,6941
348,Closure,00:01:55.99,6961
349,Closure,00:01:56.33,6981
350,Closure,00:01:56.66,7001
351,Closure,00:01:56.99,7021
352,Closure,00:01:57.33,7041
353,Closure,00:01:57.66,7061
354,Closure,00:01:57.99,7081
355,Closure,00:01:58.33,7101
356,Closure,00:01:58.66,7121
357,Closure,00:01:58.99,7141
358,Closure,00:01:59.33,7161
359,Closure,00:01:59.66,7181
360,Closure,00:01:59.99,7201
361,Closure,00:02:00.33,7221
362,Closure,00:02:00.66,7241
363,Closure,00:02:00.99,7261
364,Closure,00:02:01.33,7281
365,Closure,00:02:01.66,7301
366,Closure,00:02:01.99,7321
367,Closure,00:02:02.33,7341
368,Closure,00:02:02.66,7361
369,Closure,00:02:02.99,7381
370,Closure,00:02:03.33,7401
371,Closure,00:02:03.66,7421
372,Closure,00:02:03.99,7441
373,Closure,00:02:04.33,7461
374,Closure,00:02:04.66,7481
375,Closure,00:02:04.99,7501
376,Closure,00:02:05.33,7521
377,Closure,00:02:05.66,7541
378,Closure,00:02:05.99,7561
379,Closure,00:02:06.33,7581
380,Closure,00:02:06.66,7601
381,Closure,00:02:06.99,7621
382,Closure,00:02:07.33,7641
383,Closure,00:02:07.66,7661
384,Closure,00:02:07.99,7681
385,Closure,00:02:08.33,7701
386,Closure,00:02:08.66,7721
387,Closure,00:02:08.99,7741
388,Closure,00:02:09.33,7761
389,Closure,00:02:09.66,7781
390,Closure,00:02:09.99,7801
391,Closure,00:02:10.33,7821
392,Closure,00:02:10.66,7841
393,Closure,00:02:10.99,7861
394,Closure,00:02:11.33,7881
395,Closure,00:02:11.66,7901
396,Closure,00:02:11.99,7921
397,Closure,00:02:12.33,7941
398,Closure,00:02:12.66,7961
399,Closure,00:02:12.99,7981
400,Closure,00:02:13.33,8001
401,Closure,00:02:13.66,8021
402,Closure,00:02:13.99,8041
403,Closure,00:02:14.33,8061
404,Closure,00:02:14.66,8081
405,Closure,00:02:14.99,8101
406,Closure,00:02:15.33,8121
407,Closure,00:02:15.66,8141
408,Closure,00:02:15.99,8161
409,Closure,00:02:16.33,8181
410,Closure,00:02:16.66,8201
411,Closure,00:02:16.99,8221
412,Closure,00:02:17.33,8241
413,Closure,00:02:17.66,8261
414,Closure,00:02:17.99,8281
415,Closure,00:02:18.33,8301
416,Closure,00:02:18.66,8321
417,Closure,00:02:18.99,8341
418,Closure,00:02:19.33,8361
419,Closure,00:02:19.66,8381
420,Closure,00:02:19.99,8401
421,Closure,00:02:20.33,8421
422,Closure,00:02:20.66,8441
423,Closure,00:02:20.99,8461
424,Closure,00:02:21.33,8481
425,Closure,00:02:21.66,8501
426,Closure,00:02:21.99,8521
427,Closure,00:02:22.33,8541
428,Closure,00:02:22.66,8561
429,Closure,00:02:22.99,8581
430,Closure,00:02:23.33,8601
431,Closure,00:02:23.66,8621
432,Closure,00:02:23.99,8641
433,Closure,00:02:24.33,8661
434,Closure,00:02:24.66,8681
435,Closure,00:02:24.99,8701
436,Closure,00:02:25.33,8721
437,Closure,00:02:25.66,8741
438,Closure,00:02:25.99,8761
439,Closure,00:02:26.33,8781
440,Closure,00:02:26.66,8801
441,Closure,00:02:26.99,8821
442,Closure,00:02:27.33,8841
443,Closure,00:02:27.66,8861
444,Closure,00:02:27.99,8881
445,Closure,00:02:28.33,8901
446,Closure,00:02:28.66,8921
447,Closure,00:02:28.99,8941
448,Closure,00:02:29.33,8961
449,Closure,00:02:29.66,8981
450,Closure,00:02:29.99,9001
451,Closure,00:02:30.33,9021
452,Closure,00:02:30.66,9041
453,Closure,00:02:30.99,9061
454,Closure,00:02:31.33,9081
455,Closure,00:02:31.66,9101
456,Closure,00:02:31.99,9121
457,Closure,00:02:32.33,9141
458,Closure,00:02:32.66,9161
459,Closure,00:02:32.99,9181
460,Closure,00:02:33.33,9201
461,Closure,00:02:33.66,9221
462,Closure,00:02:33.99,9241
463,Closure,00:02:34.33,9261
464,Closure,00:02:34.66,9281
465,Closure,00:02:34.99,9301
466,Closure,00:02:35.33,9321
467,Closure,00:02:35.66,9341
468,Closure,00:02:35.99,9361
469,Closure,00:02:36.32,9381
470,Closure,00:02:36.66,9401
471,Closure,00:02:36.99,9421
472,Closure,00:02:37.32,9441
473,Closure,00:02:37.66,9461
474,Closure,00:02:37.99,9481
475,Closure,00:02:38.32,9501
476,Closure,00:02:38.66,9521
477,Closure,00:02:38.99,9541
478,Closure,00:02:39.32,9561
479,Closure,00:02:39.66,9581
480,Closure,00:02:39.99,9601
481,Closure,00:02:40.32,9621
482,Closure,00:02:40.66,9641
483,Closure,00:02:40.99,9661
484,Closure,00:02:41.32,9681
485,Closure,00:02:41.66,9701
486,Closure,00:02:41.99,9721
487,Closure,00:02:42.32,9741
488,Closure,00:02:42.66,9761
489,Closure,00:02:42.99,9781
490,Closure,00:02:43.32,9801
491,Closure,00:02:43.66,9821
492,Closure,00:02:43.99,9841
493,Closure,00:02:44.32,9861
494,Closure,00:02:44.66,9881
495,Closure,00:02:44.99,9901
496,Closure,00:02:45.32,9921
497,Closure,00:02:45.66,9941
498,Closure,00:02:45.99,9961
499,Closure,00:02:46.32,9981
500,Closure,00:02:46.66,10001
501,Closure,00:02:46.99,10021
502,Closure,00:02:47.32,10041
503,Closure,00:02:47.66,10061
504,Closure,00:02:47.99,10081
505,Closure,00:02:48.32,10101
506,Closure,00:02:48.66,10121
507,Closure,00:02:48.99,10141
508,Closure,00:02:49.32,10161
509,Closure,00:02:49.66,10181
510,Closure,00:02:49.99,10201
511,Closure,00:02:50.32,10221
512,Closure,00:02:50.66,10241
513,Closure,00:02:50.99,10261
514,Closure,00:02:51.32,10281
515,Closure,00:02:51.66,10301
516,Closure,00:02:51.99,10321
517,Closure,00:02:52.32,10341
518,Closure,00:02:52.66,10361
519,Closure,00:02:52.99,10381
520,Closure,00:02:53.32,10401
521,Closure,00:02:53.66,10421
522,Closure,00:02:53.99,10441
523,Closure,00:02:54.32,10461
524,Closure,00:02:54.66,10481
525,Closure,00:02:54.99,10501
526,Closure,00:02:55.32,10521
527,Closure,00:02:55.66,10541
528,Closure,00:02:55.99,10561
529,Closure,00:02:56.32,10581
530,Closure,00:02:56.66,10601
531,Closure,00:02:56.99,10621
532,Closure,00:02:57.32,10641
533,Closure,00:02:57.66,10661
534,Closure,00:02:57.99,10681
535,Closure,00:02:58.32,10701
536,Closure,00:02:58.66,10721
537,Closure,00:02:58.99,10741
538,Closure,00:02:59.32,10761
539,Closure,00:02:59.66,10781
540,Closure,00:02:59.99,10801
541,Closure,00:03:00.32,10821
542,Closure,00:03:00.66,10841
543,Closure,00:03:00.99,10861
544,Closure,00:03:01.32,10881
545,Closure,00:03:01.66,10901
546,Closure,00:03:01.99,10921
547,Closure,00:03:02.32,10941
548,Closure,00:03:02.66,10961
549,Closure,00:03:02.99,10981
550,Closure,00:03:03.32,11001
551,Closure,00:03:03.66,11021
552,Closure,00:03:03.99,11041
553,Closure,00:03:04.32,11061
554,Closure,00:03:04.66,11081
555,Closure,00:03:04.99,11101
556,Closure,00:03:05.32,11121
557,Closure,00:03:05.66,11141
558,Closure,00:03:05.99,11161
559,Closure,00:03:06.32,11181
560,Closure,00:03:06.66,11201
561,Closure,00:03:06.99,11221
562,Closure,00:03:07.32,11241
563,Closure,00:03:07.66,11261
564,Closure,00:03:07.99,11281
565,Closure,00:03:08.32,11301
566,Closure,00:03:08.66,11321
567,Closure,00:03:08.99,11341
568,Closure,00:03:09.32,11361
569,Closure,00:03:09.66,11381
570,Closure,00:03:09.99,11401
571,Closure,00:03:10.32,11421
572,Closure,00:03:10.66,11441
573,Closure,00:03:10.99,11461
574,Closure,00:03:11.32,11481
575,Closure,00:03:11.66,11501
576,Closure,00:03:11.99,11521
577,Closure,00:03:12.32,11541
578,Closure,00:03:12.66,11561
579,Closure,00:03:12.99,11581
580,Closure,00:03:13.32,11601
581,Closure,00:03:13.66,11621
582,Closure,00:03:13.99,11641
583,Closure,00:03:14.32,11661
584,Closure,00:03:14.66,11681
585,Closure,00:03:14.99,11701
586,Closure,00:03:15.32,11721
587,Closure,00:03:15.66,11741
588,Closure,00:03:15.99,11761
589,Closure,00:03:16.32,11781
590,Closure,00:03:16.66,11801
591,Closure,00:03:16.99,11821
592,Closure,00:03:17.32,11841
593,Closure,00:03:17.66,11861
594,Closure,00:03:17.99,11881
595,Closure,00:03:18.32,11901
596,Closure,00:03:18.66,11921
597,Closure,00:03:18.99,11941
598,Closure,00:03:19.32,11961
599,Closure,00:03:19.66,11981
600,Closure,00:03:19.99,12001
601,Closure,00:03:20.32,12021
602,Closure,00:03:20.66,12041
603,Closure,00:03:20.99,12061
604,Closure,00:03:21.32,12081
605,Closure,00:03:21.66,12101
606,Closure,00:03:21.99,12121
607,Closure,00:03:22.32,12141
608,Closure,00:03:22.66,12161
609,Closure,00:03:22.99,12181
610,Closure,00:03:23.32,12201
611,Closure,00:03:23.66,12221
612,Closure,00:03:23.99,12241
613,Closure,00:03:24.32,12261
614,Closure,00:03:24.66,12281
615,Closure,00:03:24.99,12301
616,Closure,00:03:25.32,12321
617,Closure,00:03:25.66,12341
618,Closure,00:03:25.99,12361
619,Closure,00:03:26.32,12381
620,Closure,00:03:26.66,12401
621,Closure,00:03:26.99,12421
622,Closure,00:03:27.32,12441
623,Closure,00:03:27.66,12461
624,Closure,00:03:27.99,12481
625,Closure,00:03:28.32,12501
626,Closure,00:03:28.66,12521
627,Closure,00:03:28.99,12541
628,Closure,00:03:29.32,12561
629,Closure,00:03:29.66,12581
630,Closure,00:03:29.99,12601
631,Closure,00:03:30.32,12621
632,Closure,00:03:30.66,12641
633,Closure,00:03:30.99,12661
634,Closure,00:03:31.32,12681
635,Closure,00:03:31.66,12701
636,Closure,00:03:31.99,12721
637,Closure,00:03:32.32,12741
638,Closure,00:03:32.66,12761
639,Closure,00:03:32.99,12781
640,Closure,00:03:33.32,12801
641,Closure,00:03:33.66,12821
642,Closure,00:03:33.99,12841
643,Closure,00:03:34.32,12861
644,Closure,00:03:34.66,12881
645,Closure,00:03:34.99,12901
646,Closure,00:03:35.32,12921
647,Closure,00:03:35.66,12941
648,Closure,00:03:35.99,12961
649,Closure,00:03:36.32,12981
650,Closure,00:03:36.66,13001
651,Closure,00:03:36.99,13021
652,Closure,00:03:37.32,13041
653,Closure,00:03:37.66,13061
654,Closure,00:03:37.99,13081
655,Closure,00:03:38.32,13101
656,Closure,00:03:38.66,13121
657,Closure,00:03:38.99,13141
658,Closure,00:03:39.32,13161
659,Closure,00:03:39.66,13181
660,Closure,00:03:39.99,13201
661,Closure,00:03:40.32,13221
662,Closure,00:03:40.66,13241
663,Closure,00:03:40.99,13261
664,Closure,00:03:41.32,13281
665,Closure,00:03:41.66,13301
666,Closure,00:03:41.99,13321
667,Closure,00:03:42.32,13341
668,Closure,00:03:42.66,13361
669,Closure,00:03:42.99,13381
670,Closure,00:03:43.32,13401
671,Closure,00:03:43.66,13421
672,Closure,00:03:43.99,13441
673,Closure,00:03:44.32,13461
674,Closure,00:03:44.66,13481
675,Closure,00:03:44.99,13501
676,Closure,00:03:45.32,13521
677,Closure,00:03:45.66,13541
678,Closure,00:03:45.99,13561
679,Closure,00:03:46.32,13581
680,Closure,00:03:46.66,13601
681,Closure,00:03:46.99,13621
682,Closure,00:03:47.32,13641
683,Closure,00:03:47.66,13661
684,Closure,00:03:47.99,13681
685,Closure,00:03:48.32,13701
686,Closure,00:03:48.66,13721
687,Closure,00:03:48.99,13741
688,Closure,00:03:49.32,13761
689,Closure,00:03:49.66,13781
690,Closure,00:03:49.99,13801
691,Closure,00:03:50.32,13821
692,Closure,00:03:50.66,13841
693,Closure,00:03:50.99,13861
694,Closure,00:03:51.32,13881
695,Closure,00:03:51.66,13901
696,Closure,00:03:51.99,13921
697,Closure,00:03:52.32,13941
698,Closure,00:03:52.66,13961
699,Closure,00:03:52.99,13981
700,Closure,00:03:53.32,14001
701,Closure,00:03:53.66,14021
702,Closure,00:03:53.99,14041
703,Closure,00:03:54.32,14061
704,Closure,00:03:54.66,14081
705,Closure,00:03:54.99,14101
706,Closure,00:03:55.32,14121
707,Closure,00:03:55.66,14141
708,Closure,00:03:55.99,14161
709,Closure,00:03:56.32,14181
710,Closure,00:03:56.66,14201
711,Closure,00:03:56.99,14221
712,Closure,00:03:57.32,14241
713,Closure,00:03:57.66,14261
714,Closure,00:03:57.99,14281
715,Closure,00:03:58.32,14301
716,Closure,00:03:58.66,14321
717,Closure,00:03:58.99,14341
718,Closure,00:03:59.32,14361
719,Closure,00:03:59.66,14381
720,Closure,00:03:59.99,14401
721,Closure,00:04:00.32,14421
722,Closure,00:04:00.66,14441
723,Closure,00:04:00.99,14461
724,Closure,00:04:01.32,14481
725,Closure,00:04:01.66,14501
726,Closure,00:04:01.99,14521
727,Closure,00:04:02.32,14541
728,Closure,00:04:02.66,14561
729,Closure,00:04:02.99,14581
730,Closure,00:04:03.32,14601
731,Closure,00:04:03.66,14621
732,Closure,00:04:03.99,14641
733,Closure,00:04:04.32,14661
734,Closure,00:04:04.66,14681
735,Closure,00:04:04.99,14701
736,Closure,00:04:05.32,14721
737,Closure,00:04:05.66,14741
738,Closure,00:04:05.99,14761
739,Closure,00:04:06.32,14781
740,Closure,00:04:06.66,14801
741,Closure,00:04:06.99,14821
742,Closure,00:04:07.32,14841
743,Closure,00:04:07.66,14861
744,Closure,00:04:07.99,14881
745,Closure,00:04:08.32,14901
746,Closure,00:04:08.66,14921
747,Closure,00:04:08.99,14941
748,Closure,00:04:09.32,14961
749,Closure,00:04:09.66,14981
750,Closure,00:04:09.99,15001
751,Closure,00:04:10.32,15021
752,Closure,00:04:10.66,15041
753,Closure,00:04:10.99,15061
754,Closure,00:04:11.32,15081
755,Closure,00:04:11.66,15101
756,Closure,00:04:11.99,15121
757,Closure,00:04:12.32,15141
758,Closure,00:04:12.66,15161
759,Closure,00:04:12.99,15181
760,Closure,00:04:13.32,15201
761,Closure,00:04:13.66,15221
762,Closure,00:04:13.99,15241
763,Closure,00:04:14.32,15261
764,Closure,00:04:14.66,15281
765,Closure,00:04:14.99,15301
766,Closure,00:04:15.32,15321
767,Closure,00:04:15.66,15341
768,Closure,00:04:15.99,15361
769,Closure,00:04:16.32,15381
770,Closure,00:04:16.66,15401
771,Closure,00:04:16.99,15421
772,Closure,00:04:17.32,15441
773,Closure,00:04:17.66,15461
774,Closure,00:04:17.99,15481
775,Closure,00:04:18.32,15501
776,Closure,00:04:18.66,15521
777,Closure,00:04:18.99,15541
778,Closure,00:04:19.32,15561
779,Closure,00:04:19.66,15581
780,Closure,00:04:19.99,15601
781,Closure,00:04:20.32,15621
782,Closure,00:04:20.66,15641
783,Closure,00:04:20.99,15661
784,Closure,00:04:21.32,15681
785,Closure,00:04:21.66,15701
786,Closure,00:04:21.99,15721
787,Closure,00:04:22.32,15741
788,Closure,00:04:22.66,15761
789,Closure,00:04:22.99,15781
790,Closure,00:04:23.32,15801
791,Closure,00:04:23.66,15821
792,Closure,00:04:23.99,15841
793,Closure,00:04:24.32,15861
794,Closure,00:04:24.66,15881
795,Closure,00:04:24.99,15901
796,Closure,00:04:25.32,15921
797,Closure,00:04:25.66,15941
798,Closure,00:04:25.99,15961
799,Closure,00:04:26.32,15981
800,Closure,00:04:26.66,16001
801,Closure,00:04:26.99,16021
802,Closure,00:04:27.32,16041
803,Closure,00:04:27.66,16061
804,Closure,00:04:27.99,16081
805,Closure,00:04:28.32,16101
806,Closure,00:04:28.66,16121
807,Closure,00:04:28.99,16141
808,Closure,00:04:29.32,16161
809,Closure,00:04:29.66,16181
810,Closure,00:04:29.99,16201
811,Closure,00:04:30.32,16221
812,Closure,00:04:30.66,16241
813,Closure,00:04:30.99,16261
814,Closure,00:04:31.32,16281
815,Closure,00:04:31.66,16301
816,Closure,00:04:31.99,16321
817,Closure,00:04:32.32,16341
818,Closure,00:04:32.66,16361
819,Closure,00:04:32.99,16381
820,Closure,00:04:33.32,16401
821,Closure,00:04:33.66,16421
822,Closure,00:04:33.99,16441
823,Closure,00:04:34.32,16461
824,Closure,00:04:34.66,16481
825,Closure,00:04:34.99,16501
826,Closure,00:04:35.32,16521
827,Closure,00:04:35.66,16541
828,Closure,00:04:35.99,16561
829,Closure,00:04:36.32,16581
830,Closure,00:04:36.66,16601
831,Closure,00:04:36.99,16621
832,Closure,00:04:37.32,16641
833,Closure,00:04:37.66,16661
834,Closure,00:04:37.99,16681
835,Closure,00:04:38.32,16701
836,Closure,00:04:38.66,16721
837,Closure,00:04:38.99,16741
838,Closure,00:04:39.32,16761
839,Closure,00:04:39.66,16781
840,Closure,00:04:39.99,16801
841,Closure,00:04:40.32,16821
842,Closure,00:04:40.66,16841
843,Closure,00:04:40.99,16861
844,Closure,00:04:41.32,16881
845,Closure,00:04:41.66,16901
846,Closure,00:04:41.99,16921
847,Closure,00:04:42.32,16941
848,Closure,00:04:42.66,16961
849,Closure,00:04:42.99,16981
850,Closure,00:04:43.32,17001
851,Closure,00:04:43.66,17021
852,Closure,00:04:43.99,17041
853,Closure,00:04:44.32,17061
854,Closure,00:04:44.66,17081
855,Closure,00:04:44.99,17101
856,Closure,00:04:45.32,17121
857,Closure,00:04:45.66,17141
858,Closure,00:04:45.99,17161
859,Closure,00:04:46.32,17181
860,Closure,00:04:46.66,17201
861,Closure,00:04:46.99,17221
862,Closure,00:04:47.32,17241
863,Closure,00:04:47.66,17261
864,Closure,00:04:47.99,17281
865,Closure,00:04:48.32,17301
866,Closure,00:04:48.66,17321
867,Closure,00:04:48.99,17341
868,Closure,00:04:49.32,17361
869,Closure,00:04:49.66,17381
870,Closure,00:04:49.99,17401
871,Closure,00:04:50.32,17421
872,Closure,00:04:50.66,17441
873,Closure,00:04:50.99,17461
874,Closure,00:04:51.32,17481
875,Closure,00:04:51.66,17501
876,Closure,00:04:51.99,17521
877,Closure,00:04:52.32,17541
878,Closure,00:04:52.66,17561
879,Closure,00:04:52.99,17581
880,Closure,00:04:53.32,17601
881,Closure,00:04:53.66,17621
882,Closure,00:04:53.99,17641
883,Closure,00:04:54.32,17661
884,Closure,00:04:54.66,17681
885,Closure,00:04:54.99,17701
886,Closure,00:04:55.32,17721
887,Closure,00:04:55.66,17741
888,Closure,00:04:55.99,17761
889,Closure,00:04:56.32,17781
890,Closure,00:04:56.66,17801
891,Closure,00:04:56.99,17821
892,Closure,00:04:57.32,17841
893,Closure,00:04:57.66,17861
894,Closure,00:04:57.99,17881
895,Closure,00:04:58.32,17901
896,Closure,00:04:58.66,17921
897,Closure,00:04:58.99,17941
898,Closure,00:04:59.32,17961
899,Closure,00:04:59.66,17981
900,Closure,00:04:59.99,18001
901,Closure,00:05:00.32,18021
902,Closure,00:05:00.66,18041
903,Closure,00:05:00.99,18061
904,Closure,00:05:01.32,18081
905,Closure,00:05:01.66,18101
906,Closure,00:05:01.99,18121
907,Closure,00:05:02.32,18141
908,Closure,00:05:02.66,18161
909,Closure,00:05:02.99,18181
910,Closure,00:05:03.32,18201
911,Closure,00:05:03.66,18221
912,Closure,00:05:03.99,18241
913,Closure,00:05:04.32,18261
914,Closure,00:05:04.66,18281
915,Closure,00:05:04.99,18301
916,Closure,00:05:05.32,18321
917,Closure,00:05:05.66,18341
918,Closure,00:05:05.99,18361
919,Closure,00:05:06.32,18381
920,Closure,00:05:06.66,18401
921,Closure,00:05:06.99,18421
922,Closure,00:05:07.32,18441
923,Closure,00:05:07.66,18461
924,Closure,00:05:07.99,18481
925,Closure,00:05:08.32,18501
926,Closure,00:05:08.66,18521
927,Closure,00:05:08.99,18541
928,Closure,00:05:09.32,18561
929,Closure,00:05:09.66,18581
930,Closure,00:05:09.99,18601
931,Closure,00:05:10.32,18621
932,Closure,00:05:10.66,18641
933,Closure,00:05:10.99,18661
934,Closure,00:05:11.32,18681
935,Closure,00:05:11.66,18701
936,Closure,00:05:11.99,18721
937,Closure,00:05:12.32,18741
938,Closure,00:05:12.65,18761
939,Closure,00:05:12.99,18781
940,Closure,00:05:13.32,18801
941,Closure,00:05:13.65,18821
942,Closure,00:05:13.99,18841
943,Closure,00:05:14.32,18861
944,Closure,00:05:14.65,18881
945,Closure,00:05:14.99,18901
946,Closure,00:05:15.32,18921
947,Closure,00:05:15.65,18941
948,Closure,00:05:15.99,18961
949,Closure,00:05:16.32,18981
950,Closure,00:05:16.65,19001
951,Closure,00:05:16.99,19021
952,Closure,00:05:17.32,19041
953,Closure,00:05:17.65,19061
954,Closure,00:05:17.99,19081
955,Closure,00:05:18.32,19101
956,Closure,00:05:18.65,19121
957,Closure,00:05:18.99,19141
958,Closure,00:05:19.32,19161
959,Closure,00:05:19.65,19181
960,Closure,00:05:19.99,19201
961,Closure,00:05:20.32,19221
962,Closure,00:05:20.65,19241
963,Closure,00:05:20.99,19261
964,Closure,00:05:21.32,19281
965,Closure,00:05:21.65,19301
966,Closure,00:05:21.99,19321
967,Closure,00:05:22.32,19341
968,Closure,00:05:22.65,19361
969,Closure,00:05:22.99,19381
970,Closure,00:05:23.32,19401
971,Closure,00:05:23.65,19421
972,Closure,00:05:23.99,19441
973,Closure,00:05:24.32,19461
974,Closure,00:05:24.65,19481
975,Closure,00:05:24.99,19501
976,Closure,00:05:25.32,19521
977,Closure,00:05:25.65,19541
978,Closure,00:05:25.99,19561
979,Closure,00:05:26.32,19581
980,Closure,00:05:26.65,19601
981,Closure,00:05:26.99,19621
982,Closure,00:05:27.32,19641
983,Closure,00:05:27.65,19661
984,Closure,00:05:27.99,19681
985,Closure,00:05:28.32,19701
986,Closure,00:05:28.65,19721
987,Closure,00:05:28.99,19741
988,Closure,00:05:29.32,19761
989,Closure,00:05:29.65,19781
990,Closure,00:05:29.99,19801
991,Closure,00:05:30.32,19821
992,Closure,00:05:30.65,19841
993,Closure,00:05:30.99,19861
994,Closure,00:05:31.32,19881
995,Closure,00:05:31.65,19901
996,Closure,00:05:31.99,19921
997,Closure,00:05:32.32,19941
998,Closure,00:05:32.65,19961
999,Closure,00:05:32.99,19981
1000,Closure,00:05:33.32,20001
1001,Closure,00:05:33.65,20021
1002,Closure,00:05:33.99,20041
1003,Closure,00:05:34.32,20061
1004,Closure,00:05:34.65,20081
1005,Closure,00:05:34.99,20101
1006,Closure,00:05:35.32,20121
1007,Closure,00:05:35.65,20141
1008,Closure,00:05:35.99,20161
1009,Closure,00:05:36.32,20181
1010,Closure,00:05:36.65,20201
1011,Closure,00:05:36.99,20221
1012,Closure,00:05:37.32,20241
1013,Closure,00:05:37.65,20261
1014,Closure,00:05:37.99,20281
1015,Closure,00:05:38.32,20301
1016,Closure,00:05:38.65,20321
1017,Closure,00:05:38.99,20341
1018,Closure,00:05:39.32,20361
1019,Closure,00:05:39.65,20381
1020,Closure,00:05:39.99,20401
1021,Closure,00:05:40.32,20421
1022,Closure,00:05:40.65,20441
1023,Closure,00:05:40.99,20461
1024,Closure,00:05:41.32,20481
1025,Closure,00:05:41.65,20501
1026,Closure,00:05:41.99,20521
1027,Closure,00:05:42.32,20541
1028,Closure,00:05:42.65,20561
1029,Closure,00:05:42.99,20581
1030,Closure,00:05:43.32,20601
1031,Closure,00:05:43.65,20621
1032,Closure,00:05:43.99,20641
1033,Closure,00:05:44.32,20661
1034,Closure,00:05:44.65,20681
1035,Closure,00:05:44.99,20701
1036,Closure,00:05:45.32,20721
1037,Closure,00:05:45.65,20741
1038,Closure,00:05:45.99,20761
1039,Closure,00:05:46.32,20781
1040,Closure,00:05:46.65,20801
1041,Closure,00:05:46.99,20821
1042,Closure,00:05:47.32,20841
1043,Closure,00:05:47.65,20861
1044,Closure,00:05:47.99,20881
1045,Closure,00:05:48.32,20901
1046,Closure,00:05:48.65,20921
1047,Closure,00:05:48.99,20941
1048,Closure,00:05:49.32,20961
1049,Closure,00:05:49.65,20981
1050,Closure,00:05:49.99,21001
1051,Closure,00:05:50.32,21021
1052,Closure,00:05:50.65,21041
1053,Closure,00:05:50.99,21061
1054,Closure,00:05:51.32,21081
1055,Closure,00:05:51.65,21101
1056,Closure,00:05:51.99,21121
1057,Closure,00:05:52.32,21141
1058,Closure,00:05:52.65,21161
1059,Closure,00:05:52.99,21181
1060,Closure,00:05:53.32,21201
1061,Closure,00:05:53.65,21221
1062,Closure,00:05:53.99,21241
1063,Closure,00:05:54.32,21261
1064,Closure,00:05:54.65,21281
1065,Closure,00:05:54.99,21301
1066,Closure,00:05:55.32,21321
1067,Closure,00:05:55.65,21341
1068,Closure,00:05:55.99,21361
1069,Closure,00:05:56.32,21381
1070,Closure,00:05:56.65,21401
1071,Closure,00:05:56.99,21421
1072,Closure,00:05:57.32,21441
1073,Closure,00:05:57.65,21461
1074,Closure,00:05:57.99,21481
1075,Closure,00:05:58.32,21501
1076,Closure,00:05:58.65,21521
1077,Closure,00:05:58.99,21541
1078,Closure,00:05:59.32,21561
1079,Closure,00:05:59.65,21581
1080,Closure,00:05:59.99,21601
1081,Closure,00:06:00.32,21621
1082,Closure,00:06:00.65,21641
1083,Closure,00:06:00.99,21661
1084,Closure,00:06:01.32,21681
1085,Closure,00:06:01.65,21701
1086,Closure,00:06:01.99,21721
1087,Closure,00:06:02.32,21741
1088,Closure,00:06:02.65,21761
1089,Closure,00:06:02.99,21781
1090,Closure,00:06:03.32,21801
1091,Closure,00:06:03.65,21821
1092,Closure,00:06:03.99,21841
1093,Closure,00:06:04.32,21861
1094,Closure,00:06:04.65,21881
1095,Closure,00:06:04.99,21901
1096,Closure,00:06:05.32,21921
1097,Closure,00:06:05.65,21941
1098,Closure,00:06:05.99,21961
1099,Closure,00:06:06.32,21981
1100,Closure,00:06:06.65,22001
1101,Closure,00:06:06.99,22021
1102,Closure,00:06:07.32,22041
1103,Closure,00:06:07.65,22061
1104,Closure,00:06:07.99,22081
1105,Closure,00:06:08.32,22101
1106,Closure,00:06:08.65,22121
1107,Closure,00:06:08.99,22141
1108,Closure,00:06:09.32,22161
1109,Closure,00:06:09.65,22181
1110,Closure,00:06:09.99,22201
1111,Closure,00:06:10.32,22221
1112,Closure,00:06:10.65,22241
1113,Closure,00:06:10.99,22261
1114,Closure,00:06:11.32,22281
1115,Closure,00:06:11.65,22301
1116,Closure,00:06:11.99,22321
1117,Closure,00:06:12.32,22341
1118,Closure,00:06:12.65,22361
1119,Closure,00:06:12.99,22381
1120,Closure,00:06:13.32,22401
1121,Closure,00:06:13.65,22421
1122,Closure,00:06:13.99,22441
1123,Closure,00:06:14.32,22461
1124,Closure,00:06:14.65,22481
1125,Closure,00:06:14.99,22501
1126,Closure,00:06:15.32,22521
1127,Closure,00:06:15.65,22541
1128,Closure,00:06:15.99,22561
1129,Closure,00:06:16.32,22581
1130,Closure,00:06:16.65,22601
1131,Closure,00:06:16.99,22621
1132,Closure,00:06:17.32,22641
1133,Closure,00:06:17.65,22661
1134,Closure,00:06:17.99,22681
1135,Closure,00:06:18.32,22701
1136,Closure,00:06:18.65,22721
1137,Closure,00:06:18.99,22741
1138,Closure,00:06:19.32,22761
1139,Closure,00:06:19.65,22781
1140,Closure,00:06:19.99,22801
1141,Closure,00:06:20.32,22821
1142,Closure,00:06:20.65,22841
1143,Closure,00:06:20.99,22861
1144,Closure,00:06:21.32,22881
1145,Closure,00:06:21.65,22901
1146,Closure,00:06:21.99,22921
1147,Closure,00:06:22.32,22941
1148,Closure,00:06:22.65,22961
1149,Closure,00:06:22.99,22981
1150,Closure,00:06:23.32,23001
1151,Closure,00:06:23.65,23021
1152,Closure,00:06:23.99,23041
1153,Closure,00:06:24.32,23061
1154,Closure,00:06:24.65,23081
1155,Closure,00:06:24.99,23101
1156,Closure,00:06:25.32,23121
1157,Closure,00:06:25.65,23141
1158,Closure,00:06:25.99,23161
1159,Closure,00:06:26.32,23181
1160,Closure,00:06:26.65,23201
1161,Closure,00:06:26.99,23221
1162,Closure,00:06:27.32,23241
1163,Closure,00:06:27.65,23261
1164,Closure,00:06:27.99,23281
1165,Closure,00:06:28.32,23301
1166,Closure,00:06:28.65,23321
1167,Closure,00:06:28.99,23341
1168,Closure,00:06:29.32,23361
1169,Closure,00:06:29.65,23381
1170,Closure,00:06:29.99,23401
1171,Closure,00:06:30.32,23421
1172,Closure,00:06:30.65,23441
1173,Closure,00:06:30.99,23461
1174,Closure,00:06:31.32,23481
1175,Closure,00:06:31.65,23501
1176,Closure,00:06:31.99,23521
1177,Closure,00:06:32.32,23541
1178,Closure,00:06:32.65,23561
1179,Closure,00:06:32.99,23581
1180,Closure,00:06:33.32,23601
1181,Closure,00:06:33.65,23621
1182,Closure,00:06:33.99,23641
1183,Closure,00:06:34.32,23661
1184,Closure,00:06:34.65,23681
1185,Closure,00:06:34.99,23701
1186,Closure,00:06:35.32,23721
1187,Closure,00:06:35.65,23741
1188,Closure,00:06:35.99,23761
1189,Closure,00:06:36.32,23781
1190,Closure,00:06:36.65,23801
1191,Closure,00:06:36.99,23821
1192,Closure,00:06:37.32,23841
1193,Closure,00:06:37.65,23861
1194,Closure,00:06:37.99,23881
1195,Closure,00:06:38.32,23901
1196,Closure,00:06:38.65,23921
1197,Closure,00:06:38.99,23941
1198,Closure,00:06:39.32,23961
1199,Closure,00:06:39.65,23981
1200,Closure,00:06:39.99,24001
1201,Closure,00:06:40.32,24021
1202,Closure,00:06:40.65,24041
1203,Closure,00:06:40.99,24061
1204,Closure,00:06:41.32,24081
1205,Closure,00:06:41.65,24101
1206,Closure,00:06:41.99,24121
1207,Closure,00:06:42.32,24141
1208,Closure,00:06:42.65,24161
1209,Closure,00:06:42.99,24181
1210,Closure,00:06:43.32,24201
1211,Closure,00:06:43.65,24221
1212,Closure,00:06:43.99,24241
1213,Closure,00:06:44.32,24261
1214,Closure,00:06:44.65,24281
1215,Closure,00:06:44.99,24301
1216,Closure,00:06:45.32,24321
1217,Closure,00:06:45.65,24341
1218,Closure,00:06:45.99,24361
1219,Closure,00:06:46.32,24381
1220,Closure,00:06:46.65,24401
1221,Closure,00:06:46.99,24421
1222,Closure,00:06:47.32,24441
1223,Closure,00:06:47.65,24461
1224,Closure,00:06:47.99,24481
1225,Closure,00:06:48.32,24501
1226,Closure,00:06:48.65,24521
1227,Closure,00:06:48.99,24541
1228,Closure,00:06:49.32,24561
1229,Closure,00:06:49.65,24581
1230,Closure,00:06:49.99,24601
1231,Closure,00:06:50.32,24621
1232,Closure,00:06:50.65,24641
1233,Closure,00:06:50.99,24661
1234,Closure,00:06:51.32,24681
1235,Closure,00:06:51.65,24701
1236,Closure,00:06:51.99,24721
1237,Closure,00:06:52.32,24741
1238,Closure,00:06:52.65,24761
1239,Closure,00:06:52.99,24781
1240,Closure,00:06:53.32,24801
1241,Closure,00:06:53.65,24821
1242,Closure,00:06:53.99,24841
1243,Closure,00:06:54.32,24861
1244,Closure,00:06:54.65,24881
1245,Closure,00:06:54.99,24901
1246,Closure,00:06:55.32,24921
1247,Closure,00:06:55.65,24941
1248,Closure,00:06:55.99,24961
1249,Closure,00:06:56.32,24981
1250,Closure,00:06:56.65,25001
1251,Closure,00:06:56.99,25021
1252,Closure,00:06:57.32,25041
1253,Closure,00:06:57.65,25061
1254,Closure,00:06:57.99,25081
1255,Closure,00:06:58.32,25101
1256,Closure,00:06:58.65,25121
1257,Closure,00:06:58.99,25141
1258,Closure,00:06:59.32,25161
1259,Closure,00:06:59.65,25181
1260,Closure,00:06:59.99,25201
1261,Closure,00:07:00.32,25221
1262,Closure,00:07:00.65,25241
1263,Closure,00:07:00.99,25261
1264,Closure,00:07:01.32,25281
1265,Closure,00:07:01.65,25301
1266,Closure,00:07:01.99,25321
1267,Closure,00:07:02.32,25341
1268,Closure,00:07:02.65,25361
1269,Closure,00:07:02.99,25381
1270,Closure,00:07:03.32,25401
1271,Closure,00:07:03.65,25421
1272,Closure,00:07:03.99,25441
1273,Closure,00:07:04.32,25461
1274,Closure,00:07:04.65,25481
1275,Closure,00:07:04.99,25501
1276,Closure,00:07:05.32,25521
1277,Closure,00:07:05.65,25541
1278,Closure,00:07:05.99,25561
1279,Closure,00:07:06.32,25581
1280,Closure,00:07:06.65,25601
1281,Closure,00:07:06.99,25621
1282,Closure,00:07:07.32,25641
1283,Closure,00:07:07.65,25661
1284,Closure,00:07:07.99,25681
1285,Closure,00:07:08.32,25701
1286,Closure,00:07:08.65,25721
1287,Closure,00:07:08.99,25741
1288,Closure,00:07:09.32,25761
1289,Closure,00:07:09.65,25781
1290,Closure,00:07:09.99,25801
1291,Closure,00:07:10.32,25821
1292,Closure,00:07:10.65,25841
1293,Closure,00:07:10.99,25861
1294,Closure,00:07:11.32,25881
1295,Closure,00:07:11.65,25901
1296,Closure,00:07:11.99,25921
1297,Closure,00:07:12.32,25941
1298,Closure,00:07:12.65,25961
1299,Closure,00:07:12.99,25981
1300,Closure,00:07:13.32,26001
1301,Closure,00:07:13.65,26021
1302,Closure,00:07:13.99,26041
1303,Closure,00:07:14.32,26061
1304,Closure,00:07:14.65,26081
1305,Closure,00:07:14.99,26101
1306,Closure,00:07:15.32,26121
1307,Closure,00:07:15.65,26141
1308,Closure,00:07:15.99,26161
1309,Closure,00:07:16.32,26181
1310,Closure,00:07:16.65,26201
1311,Closure,00:07:16.99,26221
1312,Closure,00:07:17.32,26241
1313,Closure,00:07:17.65,26261
1314,Closure,00:07:17.99,26281
1315,Closure,00:07:18.32,26301
1316,Closure,00:07:18.65,26321
1317,Closure,00:07:18.99,26341
1318,Closure,00:07:19.32,26361
1319,Closure,00:07:19.65,26381
1320,Closure,00:07:19.99,26401
1321,Closure,00:07:20.32,26421
1322,Closure,00:07:20.65,26441
1323,Closure,00:07:20.99,26461
1324,Closure,00:07:21.32,26481
1325,Closure,00:07:21.65,26501
1326,Closure,00:07:21.99,26521
1327,Closure,00:07:22.32,26541
1328,Closure,00:07:22.65,26561
1329,Closure,00:07:22.99,26581
1330,Closure,00:07:23.32,26601
1331,Closure,00:07:23.65,26621
1332,Closure,00:07:23.99,26641
1333,Closure,00:07:24.32,26661
1334,Closure,00:07:24.65,26681
1335,Closure,00:07:24.99,26701
1336,Closure,00:07:25.32,26721
1337,Closure,00:07:25.65,26741
1338,Closure,00:07:25.99,26761
1339,Closure,00:07:26.32,26781
1340,Closure,00:07:26.65,26801
1341,Closure,00:07:26.99,26821
1342,Closure,00:07:27.32,26841
1343,Closure,00:07:27.65,26861
1344,Closure,00:07:27.99,26881
1345,Closure,00:07:28.32,26901
1346,Closure,00:07:28.65,26921
1347,Closure,00:07:28.99,26941
1348,Closure,00:07:29.32,26961
1349,Closure,00:07:29.65,26981
1350,Closure,00:07:29.99,27001
1351,Closure,00:07:30.32,27021
1352,Closure,00:07:30.65,27041
1353,Closure,00:07:30.99,27061
1354,Closure,00:07:31.32,27081
1355,Closure,00:07:31.65,27101
1356,Closure,00:07:31.99,27121
1357,Closure,00:07:32.32,27141
1358,Closure,00:07:32.65,27161
1359,Closure,00:07:32.99,27181
1360,Closure,00:07:33.32,27201
1361,Closure,00:07:33.65,27221
1362,Closure,00:07:33.99,27241
1363,Closure,00:07:34.32,27261
1364,Closure,00:07:34.65,27281
1365,Closure,00:07:34.99,27301
1366,Closure,00:07:35.32,27321
1367,Closure,00:07:35.65,27341
1368,Closure,00:07:35.99,27361
1369,Closure,00:07:36.32,27381
1370,Closure,00:07:36.65,27401
1371,Closure,00:07:36.99,27421
1372,Closure,00:07:37.32,27441
1373,Closure,00:07:37.65,27461
1374,Closure,00:07:37.99,27481
1375,Closure,00:07:38.32,27501
1376,Closure,00:07:38.65,27521
1377,Closure,00:07:38.99,27541
1378,Closure,00:07:39.32,27561
1379,Closure,00:07:39.65,27581
1380,Closure,00:07:39.99,27601
1381,Closure,00:07:40.32,27621
1382,Closure,00:07:40.65,27641
1383,Closure,00:07:40.99,27661
1384,Closure,00:07:41.32,27681
1385,Closure,00:07:41.65,27701
1386,Closure,00:07:41.99,27721
1387,Closure,00:07:42.32,27741
1388,Closure,00:07:42.65,27761
1389,Closure,00:07:42.99,27781
1390,Closure,00:07:43.32,27801
1391,Closure,00:07:43.65,27821
1392,Closure,00:07:43.99,27841
1393,Closure,00:07:44.32,27861
1394,Closure,00:07:44.65,27881
1395,Closure,00:07:44.99,27901
1396,Closure,00:07:45.32,27921
1397,Closure,00:07:45.65,27941
1398,Closure,00:07:45.99,27961
1399,Closure,00:07:46.32,27981
1400,Closure,00:07:46.65,28001
1401,Closure,00:07:46.99,28021
1402,Closure,00:07:47.32,28041
1403,Closure,00:07:47.65,28061
1404,Closure,00:07:47.98,28081
1405,Closure,00:07:48.32,28101
1406,Closure,00:07:48.65,28121
1407,Closure,00:07:48.98,28141
1408,Closure,00:07:49.32,28161
1409,Closure,00:07:49.65,28181
1410,Closure,00:07:49.98,28201
1411,Closure,00:07:50.32,28221
1412,Closure,00:07:50.65,28241
1413,Closure,00:07:50.98,28261
1414,Closure,00:07:51.32,28281
1415,Closure,00:07:51.65,28301
1416,Closure,00:07:51.98,28321
1417,Closure,00:07:52.32,28341
1418,Closure,00:07:52.65,28361
1419,Closure,00:07:52.98,28381
1420,Closure,00:07:53.32,28401
1421,Closure,00:07:53.65,28421
1422,Closure,00:07:53.98,28441
1423,Closure,00:07:54.32,28461
1424,Closure,00:07:54.65,28481
1425,Closure,00:07:54.98,28501
1426,Closure,00:07:55.32,28521
1427,Closure,00:07:55.65,28541
1428,Closure,00:07:55.98,28561
1429,Closure,00:07:56.32,28581
1430,Closure,00:07:56.65,28601
1431,Closure,00:07:56.98,28621
1432,Closure,00:07:57.32,28641
1433,Closure,00:07:57.65,28661
1434,Closure,00:07:57.98,28681
1435,Closure,00:07:58.32,28701
1436,Closure,00:07:58.65,28721
1437,Closure,00:07:58.98,28741
1438,Closure,00:07:59.32,28761
1439,Closure,00:07:59.65,28781
1440,Closure,00:07:59.98,28801
1441,Closure,00:08:00.32,28821
1442,Closure,00:08:00.65,28841
1443,Closure,00:08:00.98,28861
1444,Closure,00:08:01.32,28881
1445,Closure,00:08:01.65,28901
1446,Closure,00:08:01.98,28921
1447,Closure,00:08:02.32,28941
1448,Closure,00:08:02.65,28961
1449,Closure,00:08:02.98,28981
1450,Closure,00:08:03.32,29001
1451,Closure,00:08:03.65,29021
1452,Closure,00:08:03.98,29041
1453,Closure,00:08:04.32,29061
1454,Closure,00:08:04.65,29081
1455,Closure,00:08:04.98,29101
1456,Closure,00:08:05.32,29121
1457,Closure,00:08:05.65,29141
1458,Closure,00:08:05.98,29161
1459,Closure,00:08:06.32,29181
1460,Closure,00:08:06.65,29201
1461,Closure,00:08:06.98,29221
1462,Closure,00:08:07.32,29241
1463,Closure,00:08:07.65,29261
1464,Closure,00:08:07.98,29281
1465,Closure,00:08:08.32,29301
1466,Closure,00:08:08.65,29321
1467,Closure,00:08:08.98,29341
1468,Closure,00:08:09.32,29361
1469,Closure,00:08:09.65,29381
1470,Closure,00:08:09.98,29401
1471,Closure,00:08:10.32,29421
1472,Closure,00:08:10.65,29441
1473,Closure,00:08:10.98,29461
1474,Closure,00:08:11.32,29481
1475,Closure,00:08:11.65,29501
1476,Closure,00:08:11.98,29521
1477,Closure,00:08:12.32,29541
1478,Closure,00:08:12.65,29561
1479,Closure,00:08:12.98,29581
1480,Closure,00:08:13.32,29601
1481,Closure,00:08:13.65,29621
1482,Closure,00:08:13.98,29641
1483,Closure,00:08:14.32,29661
1484,Closure,00:08:14.65,29681
1485,Closure,00:08:14.98,29701
1486,Closure,00:08:15.32,29721
1487,Closure,00:08:15.65,29741
1488,Closure,00:08:15.98,29761
1489,Closure,00:08:16.32,29781
1490,Closure,00:08:16.65,29801
1491,Closure,00:08:16.98,29821
1492,Closure,00:08:17.32,29841
1493,Closure,00:08:17.65,29861
1494,Closure,00:08:17.98,29881
1495,Closure,00:08:18.32,29901
1496,Closure,00:08:18.65,29921
1497,Closure,00:08:18.98,29941
1498,Closure,00:08:19.32,29961
1499,Closure,00:08:19.65,29981
1500,Closure,00:08:19.98,30001
1501,Closure,00:08:20.32,30021
1502,Closure,00:08:20.65,30041
1503,Closure,00:08:20.98,30061
1504,Closure,00:08:21.32,30081
1505,Closure,00:08:21.65,30101
1506,Closure,00:08:21.98,30121
1507,Closure,00:08:22.32,30141
1508,Closure,00:08:22.65,30161
1509,Closure,00:08:22.98,30181
1510,Closure,00:08:23.32,30201
1511,Closure,00:08:23.65,30221
1512,Closure,00:08:23.98,30241
1513,Closure,00:08:24.32,30261
1514,Closure,00:08:24.65,30281
1515,Closure,00:08:24.98,30301
1516,Closure,00:08:25.32,30321
1517,Closure,00:08:25.65,30341
1518,Closure,00:08:25.98,30361
1519,Closure,00:08:26.32,30381
1520,Closure,00:08:26.65,30401
1521,Closure,00:08:26.98,30421
1522,Closure,00:08:27.32,30441
1523,Closure,00:08:27.65,30461
1524,Closure,00:08:27.98,30481
1525,Closure,00:08:28.32,30501
1526,Closure,00:08:28.65,30521
1527,Closure,00:08:28.98,30541
1528,Closure,00:08:29.32,30561
1529,Closure,00:08:29.65,30581
1530,Closure,00:08:29.98,30601
1531,Closure,00:08:30.32,30621
1532,Closure,00:08:30.65,30641
1533,Closure,00:08:30.98,30661
1534,Closure,00:08:31.32,30681
1535,Closure,00:08:31.65,30701
1536,Closure,00:08:31.98,30721
1537,Closure,00:08:32.32,30741
1538,Closure,00:08:32.65,30761
1539,Closure,00:08:32.98,30781
1540,Closure,00:08:33.32,30801
1541,Closure,00:08:33.65,30821
1542,Closure,00:08:33.98,30841
1543,Closure,00:08:34.32,30861
1544,Closure,00:08:34.65,30881
1545,Closure,00:08:34.98,30901
1546,Closure,00:08:35.32,30921
1547,Closure,00:08:35.65,30941
1548,Closure,00:08:35.98,30961
1549,Closure,00:08:36.32,30981
1550,Closure,00:08:36.65,31001
1551,Closure,00:08:36.98,31021
1552,Closure,00:08:37.32,31041
1553,Closure,00:08:37.65,31061
1554,Closure,00:08:37.98,31081
1555,Closure,00:08:38.32,31101
1556,Closure,00:08:38.65,31121
1557,Closure,00:08:38.98,31141
1558,Closure,00:08:39.32,31161
1559,Closure,00:08:39.65,31181
1560,Closure,00:08:39.98,31201
1561,Closure,00:08:40.32,31221
1562,Closure,00:08:40.65,31241
1563,Closure,00:08:40.98,31261
1564,Closure,00:08:41.32,31281
1565,Closure,00:08:41.65,31301
1566,Closure,00:08:41.98,31321
1567,Closure,00:08:42.32,31341
1568,Closure,00:08:42.65,31361
1569,Closure,00:08:42.98,31381
1570,Closure,00:08:43.32,31401
1571,Closure,00:08:43.65,31421
1572,Closure,00:08:43.98,31441
1573,Closure,00:08:44.32,31461
1574,Closure,00:08:44.65,31481
1575,Closure,00:08:44.98,31501
1576,Closure,00:08:45.32,31521
1577,Closure,00:08:45.65,31541
1578,Closure,00:08:45.98,31561
1579,Closure,00:08:46.32,31581
1580,Closure,00:08:46.65,31601
1581,Closure,00:08:46.98,31621
1582,Closure,00:08:47.32,31641
1583,Closure,00:08:47.65,31661
1584,Closure,00:08:47.98,31681
1585,Closure,00:08:48.32,31701
1586,Closure,00:08:48.65,31721
1587,Closure,00:08:48.98,31741
1588,Closure,00:08:49.32,31761
1589,Closure,00:08:49.65,31781
1590,Closure,00:08:49.98,31801
1591,Closure,00:08:50.32,31821
1592,Closure,00:08:50.65,31841
1593,Closure,00:08:50.98,31861
1594,Closure,00:08:51.32,31881
1595,Closure,00:08:51.65,31901
1596,Closure,00:08:51.98,31921
1597,Closure,00:08:52.32,31941
1598,Closure,00:08:52.65,31961
1599,Closure,00:08:52.98,31981
1600,Closure,00:08:53.32,32001
1601,Closure,00:08:53.65,32021
1602,Closure,00:08:53.98,32041
1603,Closure,00:08:54.32,32061
1604,Closure,00:08:54.65,32081
1605,Closure,00:08:54.98,32101
1606,Closure,00:08:55.32,32121
1607,Closure,00:08:55.65,32141
1608,Closure,00:08:55.98,32161
1609,Closure,00:08:56.32,32181
1610,Closure,00:08:56.65,32201
1611,Closure,00:08:56.98,32221
1612,Closure,00:08:57.32,32241
1613,Closure,00:08:57.65,32261
1614,Closure,00:08:57.98,32281
1615,Closure,00:08:58.32,32301
1616,Closure,00:08:58.65,32321
1617,Closure,00:08:58.98,32341
1618,Closure,00:08:59.32,32361
1619,Closure,00:08:59.65,32381
1620,Closure,00:08:59.98,32401
1621,Closure,00:09:00.32,32421
1622,Closure,00:09:00.65,32441
1623,Closure,00:09:00.98,32461
1624,Closure,00:09:01.32,32481
1625,Closure,00:09:01.65,32501
1626,Closure,00:09:01.98,32521
1627,Closure,00:09:02.32,32541
1628,Closure,00:09:02.65,32561
1629,Closure,00:09:02.98,32581
1630,Closure,00:09:03.32,32601
1631,Closure,00:09:03.65,32621
1632,Closure,00:09:03.98,32641
1633,Closure,00:09:04.32,32661
1634,Closure,00:09:04.65,32681
1635,Closure,00:09:04.98,32701
1636,Closure,00:09:05.32,32721
1637,Closure,00:09:05.65,32741
1638,Closure,00:09:05.98,32761
1639,Closure,00:09:06.32,32781
1640,Closure,00:09:06.65,32801
1641,Closure,00:09:06.98,32821
1642,Closure,00:09:07.32,32841
1643,Closure,00:09:07.65,32861
1644,Closure,00:09:07.98,32881
1645,Closure,00:09:08.32,32901
1646,Closure,00:09:08.65,32921
1647,Closure,00:09:08.98,32941
1648,Closure,00:09:09.32,32961
1649,Closure,00:09:09.65,32981
1650,Closure,00:09:09.98,33001
1651,Closure,00:09:10.32,33021
1652,Closure,00:09:10.65,33041
1653,Closure,00:09:10.98,33061
1654,Closure,00:09:11.32,33081
1655,Closure,00:09:11.65,33101
1656,Closure,00:09:11.98,33121
1657,Closure,00:09:12.32,33141
1658,Closure,00:09:12.65,33161
1659,Closure,00:09:12.98,33181
1660,Closure,00:09:13.32,33201
1661,Closure,00:09:13.65,33221
1662,Closure,00:09:13.98,33241
1663,Closure,00:09:14.32,33261
1664,Closure,00:09:14.65,33281
1665,Closure,00:09:14.98,33301
1666,Closure,00:09:15.32,33321
1667,Closure,00:09:15.65,33341
1668,Closure,00:09:15.98,33361
1669,Closure,00:09:16.32,33381
1670,Closure,00:09:16.65,33401
1671,Closure,00:09:16.98,33421
1672,Closure,00:09:17.32,33441
1673,Closure,00:09:17.65,33461
1674,Closure,00:09:17.98,33481
1675,Closure,00:09:18.32,33501
1676,Closure,00:09:18.65,33521
1677,Closure,00:09:18.98,33541
1678,Closure,00:09:19.32,33561
1679,Closure,00:09:19.65,33581
1680,Closure,00:09:19.98,33601
1681,Closure,00:09:20.32,33621
1682,Closure,00:09:20.65,33641
1683,Closure,00:09:20.98,33661
1684,Closure,00:09:21.32,33681
1685,Closure,00:09:21.65,33701
1686,Closure,00:09:21.98,33721
1687,Closure,00:09:22.32,33741
1688,Closure,00:09:22.65,33761
1689,Closure,00:09:22.98,33781
1690,Closure,00:09:23.32,33801
1691,Closure,00:09:23.65,33821
1692,Closure,00:09:23.98,33841
1693,Closure,00:09:24.32,33861
1694,Closure,00:09:24.65,33881
1695,Closure,00:09:24.98,33901
1696,Closure,00:09:25.32,33921
1697,Closure,00:09:25.65,33941
1698,Closure,00:09:25.98,33961
1699,Closure,00:09:26.32,33981
1700,Closure,00:09:26.65,34001
1701,Closure,00:09:26.98,34021
1702,Closure,00:09:27.32,34041
1703,Closure,00:09:27.65,34061
1704,Closure,00:09:27.98,34081
1705,Closure,00:09:28.32,34101
1706,Closure,00:09:28.65,34121
1707,Closure,00:09:28.98,34141
1708,Closure,00:09:29.32,34161
1709,Closure,00:09:29.65,34181
1710,Closure,00:09:29.98,34201
1711,Closure,00:09:30.32,34221
1712,Closure,00:09:30.65,34241
1713,Closure,00:09:30.98,34261
1714,Closure,00:09:31.32,34281
1715,Closure,00:09:31.65,34301
1716,Closure,00:09:31.98,34321
1717,Closure,00:09:32.32,34341
1718,Closure,00:09:32.65,34361
1719,Closure,00:09:32.98,34381
1720,Closure,00:09:33.32,34401
1721,Closure,00:09:33.65,34421
1722,Closure,00:09:33.98,34441
1723,Closure,00:09:34.32,34461
1724,Closure,00:09:34.65,34481
1725,Closure,00:09:34.98,34501
1726,Closure,00:09:35.32,34521
1727,Closure,00:09:35.65,34541
1728,Closure,00:09:35.98,34561
1729,Closure,00:09:36.32,34581
1730,Closure,00:09:36.65,34601
1731,Closure,00:09:36.98,34621
1732,Closure,00:09:37.32,34641
1733,Closure,00:09:37.65,34661
1734,Closure,00:09:37.98,34681
1735,Closure,00:09:38.32,34701
1736,Closure,00:09:38.65,34721
1737,Closure,00:09:38.98,34741
1738,Closure,00:09:39.32,34761
1739,Closure,00:09:39.65,34781
1740,Closure,00:09:39.98,34801
1741,Closure,00:09:40.32,34821
1742,Closure,00:09:40.65,34841
1743,Closure,00:09:40.98,34861
1744,Closure,00:09:41.32,34881
1745,Closure,00:09:41.65,34901
1746,Closure,00:09:41.98,34921
1747,Closure,00:09:42.32,34941
1748,Closure,00:09:42.65,34961
1749,Closure,00:09:42.98,34981
1750,Closure,00:09:43.32,35001
1751,Closure,00:09:43.65,35021
1752,Closure,00:09:43.98,35041
1753,Closure,00:09:44.32,35061
1754,Closure,00:09:44.65,35081
1755,Closure,00:09:44.98,35101
1756,Closure,00:09:45.32,35121
1757,Closure,00:09:45.65,35141
1758,Closure,00:09:45.98,35161
1759,Closure,00:09:46.32,35181
1760,Closure,00:09:46.65,35201
1761,Closure,00:09:46.98,35221
1762,Closure,00:09:47.32,35241
1763,Closure,00:09:47.65,35261
1764,Closure,00:09:47.98,35281
1765,Closure,00:09:48.32,35301
1766,Closure,00:09:48.65,35321
1767,Closure,00:09:48.98,35341
1768,Closure,00:09:49.32,35361
1769,Closure,00:09:49.65,35381
1770,Closure,00:09:49.98,35401
1771,Closure,00:09:50.32,35421
1772,Closure,00:09:50.65,35441
1773,Closure,00:09:50.98,35461
1774,Closure,00:09:51.32,35481
1775,Closure,00:09:51.65,35501
1776,Closure,00:09:51.98,35521
1777,Closure,00:09:52.32,35541
1778,Closure,00:09:52.65,35561
1779,Closure,00:09:52.98,35581
1780,Closure,00:09:53.32,35601
1781,Closure,00:09:53.65,35621
1782,Closure,00:09:53.98,35641
1783,Closure,00:09:54.32,35661
1784,Closure,00:09:54.65,35681
1785,Closure,00:09:54.98,35701
1786,Closure,00:09:55.32,35721
1787,Closure,00:09:55.65,35741
1788,Closure,00:09:55.98,35761
1789,Closure,00:09:56.32,35781
1790,Closure,00:09:56.65,35801
1791,Closure,00:09:56.98,35821
1792,Closure,00:09:57.32,35841
1793,Closure,00:09:57.65,35861
1794,Closure,00:09:57.98,35881
1795,Closure,00:09:58.32,35901
1796,Closure,00:09:58.65,35921
1797,Closure,00:09:58.98,35941
1798,Closure,00:09:59.32,35961
1799,Closure,00:09:59.65,35981
1800,Closure,00:09:59.98,36001
1801,Closure,00:10:00.32,36021
1802,Closure,00:10:00.65,36041
1803,Closure,00:10:00.98,36061
1804,Closure,00:10:01.32,36081
1805,Closure,00:10:01.65,36101
1806,Closure,00:10:01.98,36121
1807,Closure,00:10:02.32,36141
1808,Closure,00:10:02.65,36161
1809,Closure,00:10:02.98,36181
1810,Closure,00:10:03.32,36201
1811,Closure,00:10:03.65,36221
1812,Closure,00:10:03.98,36241
1813,Closure,00:10:04.32,36261
1814,Closure,00:10:04.65,36281
1815,Closure,00:10:04.98,36301
1816,Closure,00:10:05.32,36321
1817,Closure,00:10:05.65,36341
1818,Closure,00:10:05.98,36361
1819,Closure,00:10:06.32,36381
1820,Closure,00:10:06.65,36401
1821,Closure,00:10:06.98,36421
1822,Closure,00:10:07.32,36441
1823,Closure,00:10:07.65,36461
1824,Closure,00:10:07.98,36481
1825,Closure,00:10:08.32,36501
1826,Closure,00:10:08.65,36521
1827,Closure,00:10:08.98,36541
1828,Closure,00:10:09.32,36561
1829,Closure,00:10:09.65,36581
1830,Closure,00:10:09.98,36601
1831,Closure,00:10:10.32,36621
1832,Closure,00:10:10.65,36641
1833,Closure,00:10:10.98,36661
1834,Closure,00:10:11.32,36681
1835,Closure,00:10:11.65,36701
1836,Closure,00:10:11.98,36721
1837,Closure,00:10:12.32,36741
1838,Closure,00:10:12.65,36761
1839,Closure,00:10:12.98,36781
1840,Closure,00:10:13.32,36801
1841,Closure,00:10:13.65,36821
1842,Closure,00:10:13.98,36841
1843,Closure,00:10:14.32,36861
1844,Closure,00:10:14.65,36881
1845,Closure,00:10:14.98,36901
1846,Closure,00:10:15.32,36921
1847,Closure,00:10:15.65,36941
1848,Closure,00:10:15.98,36961
1849,Closure,00:10:16.32,36981
1850,Closure,00:10:16.65,37001
1851,Closure,00:10:16.98,37021
1852,Closure,00:10:17.32,37041
1853,Closure,00:10:17.65,37061
1854,Closure,00:10:17.98,37081
1855,Closure,00:10:18.32,37101
1856,Closure,00:10:18.65,37121
1857,Closure,00:10:18.98,37141
1858,Closure,00:10:19.32,37161
1859,Closure,00:10:19.65,37181
1860,Closure,00:10:19.98,37201
1861,Closure,00:10:20.32,37221
1862,Closure,00:10:20.65,37241
1863,Closure,00:10:20.98,37261
1864,Closure,00:10:21.32,37281
1865,Closure,00:10:21.65,37301
1866,Closure,00:10:21.98,37321
1867,Closure,00:10:22.32,37341
1868,Closure,00:10:22.65,37361
1869,Closure,00:10:22.98,37381
1870,Closure,00:10:23.32,37401
1871,Closure,00:10:23.65,37421
1872,Closure,00:10:23.98,37441
1873,Closure,00:10:24.31,37461
1874,Closure,00:10:24.65,37481
1875,Closure,00:10:24.98,37501
1876,Closure,00:10:25.31,37521
1877,Closure,00:10:25.65,37541
1878,Closure,00:10:25.98,37561
1879,Closure,00:10:26.31,37581
1880,Closure,00:10:26.65,37601
1881,Closure,00:10:26.98,37621
1882,Closure,00:10:27.31,37641
1883,Closure,00:10:27.65,37661
1884,Closure,00:10:27.98,37681
1885,Closure,00:10:28.31,37701
1886,Closure,00:10:28.65,37721
1887,Closure,00:10:28.98,37741
1888,Closure,00:10:29.31,37761
1889,Closure,00:10:29.65,37781
1890,Closure,00:10:29.98,37801
1891,Closure,00:10:30.31,37821
1892,Closure,00:10:30.65,37841
1893,Closure,00:10:30.98,37861
1894,Closure,00:10:31.31,37881
1895,Closure,00:10:31.65,37901
1896,Closure,00:10:31.98,37921
1897,Closure,00:10:32.31,37941
1898,Closure,00:10:32.65,37961
1899,Closure,00:10:32.98,37981
1900,Closure,00:10:33.31,38001
1901,Closure,00:10:33.65,38021
1902,Closure,00:10:33.98,38041
1903,Closure,00:10:34.31,38061
1904,Closure,00:10:34.65,38081
1905,Closure,00:10:34.98,38101
1906,Closure,00:10:35.31,38121
1907,Closure,00:10:35.65,38141
1908,Closure,00:10:35.98,38161
1909,Closure,00:10:36.31,38181
1910,Closure,00:10:36.65,38201
1911,Closure,00:10:36.98,38221
1912,Closure,00:10:37.31,38241
1913,Closure,00:10:37.65,38261
1914,Closure,00:10:37.98,38281
1915,Closure,00:10:38.31,38301
1916,Closure,00:10:38.65,38321
1917,Closure,00:10:38.98,38341
1918,Closure,00:10:39.31,38361
1919,Closure,00:10:39.65,38381
1920,Closure,00:10:39.98,38401
1921,Closure,00:10:40.31,38421
1922,Closure,00:10:40.65,38441
1923,Closure,00:10:40.98,38461
1924,Closure,00:10:41.31,38481
1925,Closure,00:10:41.65,38501
1926,Closure,00:10:41.98,38521
1927,Closure,00:10:42.31,38541
1928,Closure,00:10:42.65,38561
1929,Closure,00:10:42.98,38581
1930,Closure,00:10:43.31,38601
1931,Closure,00:10:43.65,38621
1932,Closure,00:10:43.98,38641
1933,Closure,00:10:44.31,38661
1934,Closure,00:10:44.65,38681
1935,Closure,00:10:44.98,38701
1936,Closure,00:10:45.31,38721
1937,Closure,00:10:45.65,38741
1938,Closure,00:10:45.98,38761
1939,Closure,00:10:46.31,38781
1940,Closure,00:10:46.65,38801
1941,Closure,00:10:46.98,38821
1942,Closure,00:10:47.31,38841
1943,Closure,00:10:47.65,38861
1944,Closure,00:10:47.98,38881
1945,Closure,00:10:48.31,38901
1946,Closure,00:10:48.65,38921
1947,Closure,00:10:48.98,38941
1948,Closure,00:10:49.31,38961
1949,Closure,00:10:49.65,38981
1950,Closure,00:10:49.98,39001
1951,Closure,00:10:50.31,39021
1952,Closure,00:10:50.65,39041
1953,Closure,00:10:50.98,39061
1954,Closure,00:10:51.31,39081
1955,Closure,00:10:51.65,39101
1956,Closure,00:10:51.98,39121
1957,Closure,00:10:52.31,39141
1958,Closure,00:10:52.65,39161
1959,Closure,00:10:52.98,39181
1960,Closure,00:10:53.31,39201
1961,Closure,00:10:53.65,39221
1962,Closure,00:10:53.98,39241
1963,Closure,00:10:54.31,39261
1964,Closure,00:10:54.65,39281
1965,Closure,00:10:54.98,39301
1966,Closure,00:10:55.31,39321
1967,Closure,00:10:55.65,39341
1968,Closure,00:10:55.98,39361
1969,Closure,00:10:56.31,39381
1970,Closure,00:10:56.65,39401
1971,Closure,00:10:56.98,39421
1972,Closure,00:10:57.31,39441
1973,Closure,00:10:57.65,39461
1974,Closure,00:10:57.98,39481
1975,Closure,00:10:58.31,39501
1976,Closure,00:10:58.65,39521
1977,Closure,00:10:58.98,39541
1978,Closure,00:10:59.31,39561
1979,Closure,00:10:59.65,39581
1980,Closure,00:10:59.98,39601
1981,Closure,00:11:00.31,39621
1982,Closure,00:11:00.65,39641
1983,Closure,00:11:00.98,39661
1984,Closure,00:11:01.31,39681
1985,Closure,00:11:01.65,39701
1986,Closure,00:11:01.98,39721
1987,Closure,00:11:02.31,39741
1988,Closure,00:11:02.65,39761
1989,Closure,00:11:02.98,39781
1990,Closure,00:11:03.31,39801
1991,Closure,00:11:03.65,39821
1992,Closure,00:11:03.98,39841
1993,Closure,00:11:04.31,39861
1994,Closure,00:11:04.65,39881
1995,Closure,00:11:04.98,39901
1996,Closure,00:11:05.31,39921
1997,Closure,00:11:05.65,39941
1998,Closure,00:11:05.98,39961
1999,Closure,00:11:06.31,39981
2000,Closure,00:11:06.65,40001
2001,Closure,00:11:06.98,40021
2002,Closure,00:11:07.31,40041
2003,Closure,00:11:07.65,40061
2004,Closure,00:11:07.98,40081
2005,Closure,00:11:08.31,40101
2006,Closure,00:11:08.65,40121
2007,Closure,00:11:08.98,40141
2008,Closure,00:11:09.31,40161
2009,Closure,00:11:09.65,40181
2010,Closure,00:11:09.98,40201
2011,Closure,00:11:10.31,40221
2012,Closure,00:11:10.65,40241
2013,Closure,00:11:10.98,40261
2014,Closure,00:11:11.31,40281
2015,Closure,00:11:11.65,40301
2016,Closure,00:11:11.98,40321
2017,Closure,00:11:12.31,40341
2018,Closure,00:11:12.65,40361
2019,Closure,00:11:12.98,40381
2020,Closure,00:11:13.31,40401
2021,Closure,00:11:13.65,40421
2022,Closure,00:11:13.98,40441
2023,Closure,00:11:14.31,40461
2024,Closure,00:11:14.65,40481
2025,Closure,00:11:14.98,40501
2026,Closure,00:11:15.31,40521
2027,Closure,00:11:15.65,40541
2028,Closure,00:11:15.98,40561
2029,Closure,00:11:16.31,40581
2030,Closure,00:11:16.65,40601
2031,Closure,00:11:16.98,40621
2032,Closure,00:11:17.31,40641
2033,Closure,00:11:17.65,40661
2034,Closure,00:11:17.98,40681
2035,Closure,00:11:18.31,40701
2036,Closure,00:11:18.65,40721
2037,Closure,00:11:18.98,40741
2038,Closure,00:11:19.31,40761
2039,Closure,00:11:19.65,40781
2040,Closure,00:11:19.98,40801
2041,Closure,00:11:20.31,40821
2042,Closure,00:11:20.65,40841
2043,Closure,00:11:20.98,40861
2044,Closure,00:11:21.31,40881
2045,Closure,00:11:21.65,40901
2046,Closure,00:11:21.98,40921
2047,Closure,00:11:22.31,40941
2048,Closure,00:11:22.65,40961
2049,Closure,00:11:22.98,40981
2050,Closure,00:11:23.31,41001
2051,Closure,00:11:23.65,41021
2052,Closure,00:11:23.98,41041
2053,Closure,00:11:24.31,41061
2054,Closure,00:11:24.65,41081
2055,Closure,00:11:24.98,41101
2056,Closure,00:11:25.31,41121
2057,Closure,00:11:25.65,41141
2058,Closure,00:11:25.98,41161
2059,Closure,00:11:26.31,41181
2060,Closure,00:11:26.65,41201
2061,Closure,00:11:26.98,41221
2062,Closure,00:11:27.31,41241
2063,Closure,00:11:27.65,41261
2064,Closure,00:11:27.98,41281
2065,Closure,00:11:28.31,41301
2066,Closure,00:11:28.65,41321
2067,Closure,00:11:28.98,41341
2068,Closure,00:11:29.31,41361
2069,Closure,00:11:29.65,41381
2070,Closure,00:11:29.98,41401
2071,Closure,00:11:30.31,41421
2072,Closure,00:11:30.65,41441
2073,Closure,00:11:30.98,41461
2074,Closure,00:11:31.31,41481
2075,Closure,00:11:31.65,41501
2076,Closure,00:11:31.98,41521
2077,Closure,00:11:32.31,41541
2078,Closure,00:11:32.65,41561
2079,Closure,00:11:32.98,41581
2080,Closure,00:11:33.31,41601
2081,Closure,00:11:33.65,41621
2082,Closure,00:11:33.98,41641
2083,Closure,00:11:34.31,41661
2084,Closure,00:11:34.65,41681
2085,Closure,00:11:34.98,41701
2086,Closure,00:11:35.31,41721
2087,Closure,00:11:35.65,41741
2088,Closure,00:11:35.98,41761
2089,Closure,00:11:36.31,41781
2090,Closure,00:11:36.65,41801
2091,Closure,00:11:36.98,41821
2092,Closure,00:11:37.31,41841
2093,Closure,00:11:37.65,41861
2094,Closure,00:11:37.98,41881
2095,Closure,00:11:38.31,41901
2096,Closure,00:11:38.65,41921
2097,Closure,00:11:38.98,41941
2098,Closure,00:11:39.31,41961
2099,Closure,00:11:39.65,41981
2100,Closure,00:11:39.98,42001
2101,Closure,00:11:40.31,42021
2102,Closure,00:11:40.65,42041
2103,Closure,00:11:40.98,42061
2104,Closure,00:11:41.31,42081
2105,Closure,00:11:41.65,42101
2106,Closure,00:11:41.98,42121
2107,Closure,00:11:42.31,42141
2108,Closure,00:11:42.65,42161
2109,Closure,00:11:42.98,42181
2110,Closure,00:11:43.31,42201
2111,Closure,00:11:43.65,42221
2112,Closure,00:11:43.98,42241
2113,Closure,00:11:44.31,42261
2114,Closure,00:11:44.65,42281
2115,Closure,00:11:44.98,42301
2116,Closure,00:11:45.31,42321
2117,Closure,00:11:45.65,42341
2118,Closure,00:11:45.98,42361
2119,Closure,00:11:46.31,42381
2120,Closure,00:11:46.65,42401
2121,Closure,00:11:46.98,42421
2122,Closure,00:11:47.31,42441
2123,Closure,00:11:47.65,42461
2124,Closure,00:11:47.98,42481
2125,Closure,00:11:48.31,42501
2126,Closure,00:11:48.65,42521
2127,Closure,00:11:48.98,42541
2128,Closure,00:11:49.31,42561
2129,Closure,00:11:49.65,42581
2130,Closure,00:11:49.98,42601
2131,Closure,00:11:50.31,42621
2132,Closure,00:11:50.65,42641
2133,Closure,00:11:50.98,42661
2134,Closure,00:11:51.31,42681
2135,Closure,00:11:51.65,42701
2136,Closure,00:11:51.98,42721
2137,Closure,00:11:52.31,42741
2138,Closure,00:11:52.65,42761
2139,Closure,00:11:52.98,42781
2140,Closure,00:11:53.31,42801
2141,Closure,00:11:53.65,42821
2142,Closure,00:11:53.98,42841
2143,Closure,00:11:54.31,42861
2144,Closure,00:11:54.65,42881
2145,Closure,00:11:54.98,42901
2146,Closure,00:11:55.31,42921
2147,Closure,00:11:55.65,42941
2148,Closure,00:11:55.98,42961
2149,Closure,00:11:56.31,42981
2150,Closure,00:11:56.65,43001
2151,Closure,00:11:56.98,43021
2152,Closure,00:11:57.31,43041
2153,Closure,00:11:57.65,43061
2154,Closure,00:11:57.98,43081
2155,Closure,00:11:58.31,43101
2156,Closure,00:11:58.65,43121
2157,Closure,00:11:58.98,43141
2158,Closure,00:11:59.31,43161
2159,Closure,00:11:59.65,43181
2160,Closure,00:11:59.98,43201
2161,Closure,00:12:00.31,43221
2162,Closure,00:12:00.65,43241
2163,Closure,00:12:00.98,43261
2164,Closure,00:12:01.31,43281
2165,Closure,00:12:01.65,43301
2166,Closure,00:12:01.98,43321
2167,Closure,00:12:02.31,43341
2168,Closure,00:12:02.65,43361
2169,Closure,00:12:02.98,43381
2170,Closure,00:12:03.31,43401
2171,Closure,00:12:03.65,43421
2172,Closure,00:12:03.98,43441
2173,Closure,00:12:04.31,43461
2174,Closure,00:12:04.65,43481
2175,Closure,00:12:04.98,43501
2176,Closure,00:12:05.31,43521
2177,Closure,00:12:05.65,43541
2178,Closure,00:12:05.98,43561
2179,Closure,00:12:06.31,43581
2180,Closure,00:12:06.65,43601
2181,Closure,00:12:06.98,43621
2182,Closure,00:12:07.31,43641
2183,Closure,00:12:07.65,43661
2184,Closure,00:12:07.98,43681
2185,Closure,00:12:08.31,43701
2186,Closure,00:12:08.65,43721
2187,Closure,00:12:08.98,43741
2188,Closure,00:12:09.31,43761
2189,Closure,00:12:09.65,43781
2190,Closure,00:12:09.98,43801
2191,Closure,00:12:10.31,43821
2192,Closure,00:12:10.65,43841
2193,Closure,00:12:10.98,43861
2194,Closure,00:12:11.31,43881
2195,Closure,00:12:11.65,43901
2196,Closure,00:12:11.98,43921
2197,Closure,00:12:12.31,43941
2198,Closure,00:12:12.65,43961
2199,Closure,00:12:12.98,43981
2200,Closure,00:12:13.31,44001
2201,Closure,00:12:13.65,44021
2202,Closure,00:12:13.98,44041
2203,Closure,00:12:14.31,44061
2204,Closure,00:12:14.65,44081
2205,Closure,00:12:14.98,44101
2206,Closure,00:12:15.31,44121
2207,Closure,00:12:15.65,44141
2208,Closure,00:12:15.98,44161
2209,Closure,00:12:16.31,44181
2210,Closure,00:12:16.65,44201
2211,Closure,00:12:16.98,44221
2212,Closure,00:12:17.31,44241
2213,Closure,00:12:17.65,44261
2214,Closure,00:12:17.98,44281
2215,Closure,00:12:18.31,44301
2216,Closure,00:12:18.65,44321
2217,Closure,00:12:18.98,44341
2218,Closure,00:12:19.31,44361
2219,Closure,00:12:19.65,44381
2220,Closure,00:12:19.98,44401
2221,Closure,00:12:20.31,44421
2222,Closure,00:12:20.65,44441
2223,Closure,00:12:20.98,44461
2224,Closure,00:12:21.31,44481
2225,Closure,00:12:21.65,44501
2226,Closure,00:12:21.98,44521
2227,Closure,00:12:22.31,44541
2228,Closure,00:12:22.65,44561
2229,Closure,00:12:22.98,44581
2230,Closure,00:12:23.31,44601
2231,Closure,00:12:23.65,44621
2232,Closure,00:12:23.98,44641
2233,Closure,00:12:24.31,44661
2234,Closure,00:12:24.65,44681
2235,Closure,00:12:24.98,44701
2236,Closure,00:12:25.31,44721
2237,Closure,00:12:25.65,44741
2238,Closure,00:12:25.98,44761
2239,Closure,00:12:26.31,44781
2240,Closure,00:12:26.65,44801
2241,Closure,00:12:26.98,44821
2242,Closure,00:12:27.31,44841
2243,Closure,00:12:27.65,44861
2244,Closure,00:12:27.98,44881
2245,Closure,00:12:28.31,44901
2246,Closure,00:12:28.65,44921
2247,Closure,00:12:28.98,44941
2248,Closure,00:12:29.31,44961
2249,Closure,00:12:29.65,44981
2250,Closure,00:12:29.98,45001
2251,Closure,00:12:30.31,45021
2252,Closure,00:12:30.65,45041
2253,Closure,00:12:30.98,45061
2254,Closure,00:12:31.31,45081
2255,Closure,00:12:31.65,45101
2256,Closure,00:12:31.98,45121
2257,Closure,00:12:32.31,45141
2258,Closure,00:12:32.65,45161
2259,Closure,00:12:32.98,45181
2260,Closure,00:12:33.31,45201
2261,Closure,00:12:33.65,45221
2262,Closure,00:12:33.98,45241
2263,Closure,00:12:34.31,45261
2264,Closure,00:12:34.65,45281
2265,Closure,00:12:34.98,45301
2266,Closure,00:12:35.31,45321
2267,Closure,00:12:35.65,45341
2268,Closure,00:12:35.98,45361
2269,Closure,00:12:36.31,45381
2270,Closure,00:12:36.65,45401
2271,Closure,00:12:36.98,45421
2272,Closure,00:12:37.31,45441
2273,Closure,00:12:37.65,45461
2274,Closure,00:12:37.98,45481
2275,Closure,00:12:38.31,45501
2276,Closure,00:12:38.65,45521
2277,Closure,00:12:38.98,45541
2278,Closure,00:12:39.31,45561
2279,Closure,00:12:39.65,45581
2280,Closure,00:12:39.98,45601
2281,Closure,00:12:40.31,45621
2282,Closure,00:12:40.65,45641
2283,Closure,00:12:40.98,45661
2284,Closure,00:12:41.31,45681
2285,Closure,00:12:41.65,45701
2286,Closure,00:12:41.98,45721
2287,Closure,00:12:42.31,45741
2288,Closure,00:12:42.65,45761
2289,Closure,00:12:42.98,45781
2290,Closure,00:12:43.31,45801
2291,Closure,00:12:43.65,45821
2292,Closure,00:12:43.98,45841
2293,Closure,00:12:44.31,45861
2294,Closure,00:12:44.65,45881
2295,Closure,00:12:44.98,45901
2296,Closure,00:12:45.31,45921
2297,Closure,00:12:45.65,45941
2298,Closure,00:12:45.98,45961
2299,Closure,00:12:46.31,45981
2300,Closure,00:12:46.65,46001
2301,Closure,00:12:46.98,46021
2302,Closure,00:12:47.31,46041
2303,Closure,00:12:47.65,46061
2304,Closure,00:12:47.98,46081
2305,Closure,00:12:48.31,46101
2306,Closure,00:12:48.65,46121
2307,Closure,00:12:48.98,46141
2308,Closure,00:12:49.31,46161
2309,Closure,00:12:49.65,46181
2310,Closure,00:12:49.98,46201
2311,Closure,00:12:50.31,46221
2312,Closure,00:12:50.65,46241
2313,Closure,00:12:50.98,46261
2314,Closure,00:12:51.31,46281
2315,Closure,00:12:51.65,46301
2316,Closure,00:12:51.98,46321
2317,Closure,00:12:52.31,46341
2318,Closure,00:12:52.65,46361
2319,Closure,00:12:52.98,46381
2320,Closure,00:12:53.31,46401
2321,Closure,00:12:53.65,46421
2322,Closure,00:12:53.98,46441
2323,Closure,00:12:54.31,46461
2324,Closure,00:12:54.65,46481
2325,Closure,00:12:54.98,46501
2326,Closure,00:12:55.31,46521
2327,Closure,00:12:55.65,46541
2328,Closure,00:12:55.98,46561
2329,Closure,00:12:56.31,46581
2330,Closure,00:12:56.65,46601
2331,Closure,00:12:56.98,46621
2332,Closure,00:12:57.31,46641
2333,Closure,00:12:57.65,46661
2334,Closure,00:12:57.98,46681
2335,Closure,00:12:58.31,46701
2336,Closure,00:12:58.65,46721
2337,Closure,00:12:58.98,46741
2338,Closure,00:12:59.31,46761
